{
    "loss": 2.9023325443267822,
    "accuracy": 0.5035971403121948
}